sample_interval_s,quantum_count_units,max_abs_error_count_units,mean_abs_error_count_units
0.01,0.5,1.8882,0.756760813062
0.02,0.5,3.8002,1.58669776741
0.05,0.5,10,4.11462845718
0.01,1,2.1362,0.773605731423
0.02,1,3.8882,1.59402625791
0.05,1,10,4.09300699767
0.01,2,2.5442,0.816484905032
0.02,2,4.1362,1.62002812396
0.05,2,10,4.12402572476
